,matrix_index
715898,0
715915,1
715916,2
715918,3
715920,4
715921,5
715922,6
715929,7
715930,8
715933,9
715938,10
715944,11
715947,12
715996,13
716007,14
716010,15
716016,16
716017,17
716023,18
716028,19
716032,20
716036,21
716047,22
716050,23
716057,24
716063,25
716067,26
716069,27
716072,28
716075,29
716076,30
716078,31
716081,32
716084,33
716085,34
716087,35
716088,36
716091,37
716092,38
716101,39
716126,40
716142,41
716143,42
716146,43
716152,44
716153,45
716172,46
716174,47
716176,48
716181,49
716187,50
716193,51
716203,52
716206,53
716213,54
716235,55
716237,56
716238,57
716241,58
716253,59
716254,60
716265,61
716271,62
716272,63
716273,64
716295,65
716296,66
716311,67
716312,68
716313,69
716314,70
716328,71
716331,72
716337,73
716339,74
716359,75
716390,76
716391,77
716392,78
716402,79
716404,80
716405,81
716407,82
716409,83
716413,84
716414,85
716419,86
716420,87
716421,88
716422,89
716424,90
716426,91
716427,92
716428,93
716431,94
716433,95
716434,96
716437,97
716440,98
716441,99
716442,100
716443,101
716448,102
716449,103
716450,104
716453,105
716456,106
716457,107
716459,108
716460,109
716461,110
716466,111
716470,112
716471,113
716481,114
716484,115
716485,116
716490,117
716491,118
716494,119
716495,120
716499,121
716500,122
716551,123
716554,124
716571,125
716573,126
716626,127
716632,128
716659,129
716660,130
716663,131
716670,132
716674,133
716689,134
716694,135
716714,136
716719,137
716720,138
716733,139
716738,140
716739,141
716760,142
716775,143
716776,144
716778,145
716784,146
716788,147
716797,148
716800,149
716810,150
716819,151
716829,152
716834,153
716841,154
716847,155
716857,156
716875,157
716891,158
716895,159
716896,160
716898,161
716899,162
716900,163
716906,164
716907,165
716908,166
716912,167
716914,168
716915,169
716916,170
716918,171
716920,172
716921,173
716922,174
716923,175
716924,176
716925,177
716928,178
716929,179
716930,180
716933,181
716934,182
716936,183
716937,184
716938,185
716939,186
716940,187
716941,188
716942,189
716943,190
716944,191
716946,192
716949,193
716951,194
716953,195
716955,196
716956,197
716958,198
716960,199
716963,200
716965,201
716968,202
716971,203
716973,204
716974,205
716975,206
716977,207
716978,208
716979,209
716981,210
716983,211
716985,212
716986,213
716988,214
716989,215
716990,216
716991,217
716993,218
716994,219
716996,220
716997,221
716999,222
717000,223
717001,224
717002,225
717004,226
717006,227
717008,228
717009,229
717011,230
717012,231
717014,232
717015,233
717016,234
717019,235
717020,236
717022,237
717026,238
717028,239
717029,240
717031,241
717032,242
717033,243
717035,244
717036,245
717039,246
717040,247
717041,248
717042,249
717043,250
717045,251
717046,252
717047,253
717049,254
717052,255
717055,256
717059,257
717060,258
717065,259
717070,260
717071,261
717073,262
717075,263
717077,264
717079,265
717081,266
717083,267
717084,268
717087,269
717089,270
717091,271
717093,272
717095,273
717097,274
717099,275
717101,276
717105,277
717108,278
717110,279
717112,280
717114,281
717116,282
717119,283
717121,284
717123,285
717125,286
717127,287
717129,288
717131,289
717133,290
717134,291
717135,292
717136,293
717139,294
717142,295
717143,296
717146,297
717150,298
717152,299
717154,300
717155,301
717156,302
717157,303
717160,304
717162,305
717165,306
717167,307
717169,308
717171,309
717174,310
717176,311
717179,312
717185,313
717187,314
717190,315
717192,316
717195,317
717196,318
717198,319
717200,320
717202,321
717205,322
717207,323
717209,324
717211,325
717214,326
717216,327
717219,328
717220,329
717224,330
717226,331
717229,332
717230,333
717232,334
717235,335
717236,336
717238,337
717240,338
717241,339
717243,340
717245,341
717246,342
717247,343
717249,344
717251,345
717252,346
717254,347
717257,348
717258,349
717260,350
717262,351
717263,352
717264,353
717265,354
717266,355
717268,356
717269,357
717270,358
717273,359
717274,360
717277,361
717279,362
717281,363
717282,364
717285,365
717288,366
717290,367
717292,368
717294,369
717296,370
717298,371
717300,372
717301,373
717303,374
717306,375
717308,376
717312,377
717315,378
717316,379
717318,380
717320,381
717322,382
717324,383
717327,384
717328,385
717330,386
717332,387
717334,388
717337,389
717339,390
717340,391
717342,392
717343,393
717346,394
717350,395
717352,396
717355,397
717357,398
717358,399
717361,400
717365,401
717367,402
717368,403
717369,404
717373,405
717374,406
717375,407
717376,408
717378,409
717379,410
717380,411
717381,412
717383,413
717384,414
717387,415
717388,416
717390,417
717392,418
717393,419
717396,420
717397,421
717399,422
717402,423
717404,424
717406,425
717410,426
717413,427
717416,428
717418,429
717420,430
717421,431
717424,432
717426,433
717428,434
717431,435
717433,436
717434,437
717435,438
717436,439
717438,440
717439,441
717440,442
717441,443
717442,444
717443,445
717445,446
717446,447
717447,448
717450,449
717452,450
717453,451
717456,452
717458,453
717459,454
717460,455
717461,456
717462,457
717463,458
717465,459
717466,460
717468,461
717469,462
717472,463
717473,464
717479,465
717480,466
717481,467
717483,468
717484,469
717486,470
717488,471
717489,472
717490,473
717491,474
717492,475
717493,476
717495,477
717497,478
717498,479
717499,480
717501,481
717502,482
717504,483
717508,484
717510,485
717511,486
717513,487
717514,488
717515,489
717516,490
717517,491
717518,492
717519,493
717520,494
717522,495
717524,496
717525,497
717528,498
717530,499
717532,500
717533,501
717535,502
717536,503
717537,504
717539,505
717541,506
717543,507
717544,508
717546,509
717547,510
717549,511
717553,512
717554,513
717557,514
717558,515
717560,516
717562,517
717565,518
717566,519
717568,520
717570,521
717571,522
717572,523
717573,524
717576,525
717578,526
717580,527
717582,528
717583,529
717585,530
717587,531
717590,532
717592,533
717595,534
717597,535
717599,536
717601,537
717603,538
717606,539
717608,540
717610,541
717612,542
717613,543
717614,544
717615,545
717617,546
717620,547
717622,548
717624,549
717625,550
717627,551
717628,552
717630,553
717631,554
717633,555
717634,556
717635,557
717637,558
717638,559
717640,560
717642,561
717644,562
717646,563
717649,564
717650,565
717653,566
717654,567
717657,568
717659,569
717660,570
717661,571
717663,572
717664,573
717667,574
717669,575
717672,576
717673,577
717674,578
717675,579
717676,580
717678,581
717682,582
717684,583
717685,584
717686,585
717688,586
717692,587
717694,588
717696,589
717697,590
717699,591
717701,592
717703,593
717706,594
717709,595
717710,596
717711,597
717713,598
717715,599
717717,600
717719,601
717720,602
717721,603
717723,604
717724,605
717727,606
717729,607
717731,608
717733,609
717735,610
717740,611
717742,612
717744,613
717746,614
717750,615
717751,616
717752,617
717753,618
717755,619
717758,620
717760,621
717763,622
717765,623
717766,624
717769,625
717770,626
717772,627
717776,628
717777,629
717779,630
717787,631
717788,632
717790,633
717794,634
717795,635
717797,636
717798,637
717799,638
717800,639
717801,640
717804,641
717806,642
717807,643
717809,644
717813,645
717816,646
717818,647
717819,648
717821,649
717823,650
717824,651
717825,652
717826,653
717827,654
717828,655
717829,656
717831,657
717832,658
717833,659
717836,660
717838,661
717839,662
717842,663
717843,664
717844,665
717846,666
717847,667
717848,668
717850,669
717851,670
717853,671
717854,672
717857,673
717858,674
717859,675
717862,676
717863,677
717864,678
717865,679
717867,680
717871,681
717872,682
717875,683
717877,684
717879,685
717881,686
717884,687
717885,688
717887,689
717888,690
717893,691
717894,692
717896,693
717897,694
717898,695
717903,696
717906,697
717907,698
717909,699
717912,700
717914,701
717915,702
717922,703
717924,704
717925,705
717926,706
717929,707
717930,708
717933,709
717934,710
717940,711
717942,712
717943,713
717945,714
717947,715
717951,716
717954,717
717956,718
717957,719
717958,720
717960,721
717962,722
717963,723
717966,724
717968,725
717970,726
717972,727
717975,728
717977,729
717978,730
717980,731
717983,732
717986,733
717989,734
717992,735
717995,736
718002,737
718008,738
718010,739
718012,740
718014,741
718016,742
718017,743
718018,744
718020,745
718041,746
718045,747
718046,748
718047,749
718048,750
718050,751
718051,752
718052,753
718053,754
718054,755
718064,756
718066,757
718072,758
718076,759
718081,760
718085,761
718086,762
718089,763
718090,764
718092,765
718099,766
718102,767
718103,768
718118,769
718119,770
718123,771
718124,772
718125,773
718126,774
718127,775
718130,776
718141,777
718142,778
718143,779
718144,780
718146,781
718147,782
718148,783
718149,784
718150,785
718151,786
718155,787
718164,788
718165,789
718166,790
718173,791
718204,792
718210,793
718219,794
718221,795
718223,796
718226,797
718227,798
718229,799
718232,800
718235,801
718238,802
718240,803
718242,804
718243,805
718245,806
718247,807
718249,808
718251,809
718253,810
718256,811
718258,812
718259,813
718262,814
718265,815
718266,816
718267,817
718275,818
718277,819
718280,820
718284,821
718285,822
718287,823
718290,824
718291,825
718292,826
718296,827
718297,828
718300,829
718302,830
718304,831
718308,832
718310,833
718312,834
718314,835
718315,836
718320,837
718321,838
718326,839
718327,840
718332,841
718335,842
718356,843
718358,844
718360,845
718364,846
718370,847
718371,848
718375,849
718376,850
718379,851
718384,852
718389,853
718392,854
718393,855
718394,856
718404,857
718405,858
718410,859
718411,860
718412,861
718414,862
718415,863
718419,864
718421,865
718445,866
718453,867
718455,868
718466,869
718469,870
718479,871
718488,872
718492,873
718493,874
718496,875
718499,876
718500,877
737152,878
737158,879
737184,880
737229,881
737232,882
737237,883
737242,884
737246,885
737257,886
737258,887
737269,888
737278,889
737292,890
737313,891
737320,892
737329,893
737344,894
737345,895
737433,896
737504,897
737529,898
759142,899
759163,900
759165,901
759172,902
759178,903
759228,904
759250,905
759257,906
759259,907
759271,908
759280,909
759289,910
759385,911
759416,912
759418,913
759422,914
759427,915
759518,916
759531,917
759542,918
759552,919
759566,920
759576,921
759591,922
759602,923
759610,924
759617,925
759626,926
759636,927
759648,928
759654,929
759666,930
759672,931
759677,932
759700,933
759707,934
759747,935
759762,936
759772,937
759783,938
759822,939
759834,940
759835,941
759844,942
759850,943
759858,944
759870,945
759888,946
759900,947
759906,948
759914,949
759927,950
759933,951
759942,952
759980,953
760002,954
760013,955
760024,956
760046,957
760063,958
760074,959
760080,960
760101,961
760112,962
760167,963
760187,964
760196,965
760226,966
760236,967
760283,968
760301,969
760315,970
760330,971
760349,972
760358,973
760361,974
760369,975
760375,976
760384,977
760398,978
760426,979
760440,980
760452,981
760473,982
760481,983
760496,984
760512,985
760535,986
760558,987
760568,988
760599,989
760606,990
760619,991
760635,992
760643,993
760650,994
760686,995
760693,996
760706,997
760718,998
760726,999
760738,1000
760746,1001
760756,1002
760765,1003
760774,1004
760782,1005
760794,1006
760801,1007
760812,1008
760814,1009
760828,1010
760869,1011
760892,1012
760900,1013
760911,1014
760921,1015
760932,1016
760941,1017
760951,1018
760959,1019
760971,1020
760987,1021
761003,1022
761016,1023
761070,1024
761128,1025
761141,1026
761152,1027
761165,1028
761177,1029
761191,1030
761206,1031
761220,1032
761342,1033
761356,1034
761374,1035
761455,1036
761482,1037
761492,1038
761500,1039
761526,1040
761541,1041
761552,1042
761599,1043
761604,1044
761644,1045
761675,1046
761734,1047
761761,1048
761776,1049
761844,1050
761851,1051
762329,1052
762347,1053
762353,1054
762398,1055
763237,1056
763246,1057
763251,1058
763259,1059
763267,1060
763275,1061
763286,1062
763294,1063
763299,1064
763304,1065
763309,1066
763314,1067
763325,1068
763330,1069
763336,1070
763341,1071
763346,1072
763354,1073
763361,1074
763367,1075
763372,1076
763377,1077
763384,1078
763392,1079
763400,1080
763408,1081
763419,1082
763424,1083
763429,1084
763434,1085
763439,1086
763447,1087
763453,1088
763458,1089
763468,1090
763479,1091
763485,1092
763490,1093
763498,1094
763502,1095
763507,1096
763512,1097
763517,1098
763522,1099
763527,1100
763532,1101
763539,1102
763546,1103
763553,1104
763558,1105
763563,1106
763568,1107
763573,1108
763578,1109
763583,1110
763590,1111
763597,1112
763616,1113
763621,1114
763626,1115
763641,1116
763646,1117
763649,1118
763663,1119
763669,1120
763674,1121
763683,1122
763689,1123
763695,1124
763700,1125
763706,1126
763712,1127
763720,1128
763727,1129
763731,1130
763743,1131
763748,1132
763963,1133
763970,1134
763975,1135
763980,1136
763985,1137
763990,1138
763995,1139
764001,1140
764021,1141
764026,1142
764032,1143
764037,1144
764050,1145
764054,1146
764059,1147
764064,1148
764068,1149
764072,1150
764076,1151
764081,1152
764085,1153
764089,1154
764096,1155
764101,1156
764106,1157
764115,1158
764120,1159
764125,1160
764130,1161
764137,1162
764146,1163
764151,1164
764156,1165
764161,1166
764165,1167
764169,1168
764173,1169
764177,1170
764181,1171
764185,1172
764189,1173
764193,1174
764197,1175
764201,1176
764206,1177
764211,1178
764217,1179
764222,1180
764227,1181
764232,1182
764236,1183
764244,1184
764249,1185
764262,1186
764269,1187
764276,1188
764283,1189
764290,1190
764297,1191
764304,1192
764311,1193
764318,1194
764322,1195
764417,1196
764418,1197
764420,1198
764424,1199
764425,1200
764430,1201
764435,1202
764567,1203
764572,1204
764578,1205
764583,1206
764590,1207
764598,1208
764604,1209
764617,1210
764622,1211
764627,1212
764632,1213
764637,1214
764641,1215
764646,1216
764671,1217
764754,1218
764760,1219
764766,1220
764772,1221
764781,1222
764794,1223
764798,1224
764803,1225
764808,1226
764814,1227
764819,1228
764824,1229
764829,1230
764834,1231
764839,1232
764848,1233
764853,1234
764858,1235
764863,1236
764868,1237
764874,1238
764879,1239
764885,1240
764891,1241
764900,1242
764905,1243
764910,1244
764915,1245
764921,1246
764927,1247
764932,1248
764937,1249
764941,1250
764949,1251
764958,1252
764963,1253
765098,1254
765099,1255
765100,1256
765101,1257
765106,1258
765150,1259
765153,1260
765164,1261
765171,1262
765176,1263
765182,1264
765265,1265
765273,1266
765444,1267
765451,1268
765456,1269
765461,1270
765467,1271
765472,1272
765476,1273
765477,1274
765486,1275
765501,1276
765506,1277
765591,1278
765604,1279
765920,1280
765922,1281
765941,1282
765943,1283
765958,1284
765960,1285
765976,1286
765978,1287
765993,1288
765995,1289
766010,1290
766012,1291
766027,1292
766029,1293
766044,1294
766046,1295
766060,1296
766062,1297
766096,1298
766110,1299
766112,1300
766124,1301
766138,1302
766153,1303
766167,1304
766170,1305
766184,1306
766185,1307
766209,1308
766211,1309
766336,1310
766337,1311
766493,1312
766505,1313
766555,1314
766569,1315
766571,1316
766585,1317
766587,1318
766600,1319
766602,1320
766620,1321
766622,1322
766642,1323
766644,1324
766661,1325
766673,1326
766685,1327
766694,1328
766703,1329
766712,1330
766721,1331
766730,1332
766740,1333
766749,1334
766758,1335
766788,1336
766806,1337
766843,1338
766851,1339
766875,1340
766937,1341
766988,1342
767053,1343
767166,1344
767233,1345
767329,1346
767350,1347
767351,1348
767366,1349
767367,1350
767454,1351
767455,1352
767470,1353
767471,1354
767494,1355
767495,1356
767509,1357
767523,1358
767541,1359
767542,1360
767554,1361
767572,1362
767573,1363
767585,1364
767597,1365
767598,1366
767609,1367
767610,1368
767620,1369
767621,1370
767678,1371
767722,1372
767723,1373
767750,1374
767751,1375
767759,1376
767760,1377
767767,1378
767768,1379
767790,1380
767791,1381
767801,1382
767802,1383
767810,1384
767811,1385
767812,1386
767827,1387
767838,1388
767857,1389
767868,1390
767883,1391
767896,1392
767898,1393
767910,1394
767925,1395
767940,1396
767942,1397
767955,1398
767970,1399
767984,1400
767986,1401
767998,1402
768000,1403
768012,1404
768014,1405
768026,1406
768028,1407
768041,1408
768055,1409
768066,1410
768138,1411
768173,1412
768174,1413
768202,1414
768222,1415
768223,1416
768230,1417
768238,1418
768253,1419
768265,1420
768283,1421
768297,1422
768328,1423
768339,1424
768349,1425
768444,1426
768469,1427
768477,1428
768523,1429
768584,1430
768598,1431
768626,1432
768634,1433
768643,1434
768655,1435
768664,1436
768682,1437
768694,1438
768701,1439
768779,1440
768898,1441
768907,1442
768968,1443
768969,1444
768972,1445
768978,1446
768984,1447
769029,1448
769030,1449
769042,1450
769043,1451
769054,1452
769055,1453
769061,1454
769068,1455
769090,1456
769091,1457
769097,1458
769105,1459
769118,1460
769136,1461
769150,1462
769195,1463
769228,1464
769248,1465
769279,1466
769292,1467
769294,1468
769345,1469
769346,1470
769358,1471
769359,1472
769372,1473
769373,1474
769388,1475
769389,1476
769402,1477
769403,1478
769405,1479
769418,1480
769430,1481
769431,1482
769443,1483
769444,1484
769454,1485
769467,1486
769496,1487
769513,1488
769625,1489
769701,1490
769702,1491
769722,1492
769744,1493
769758,1494
769772,1495
769788,1496
769806,1497
769807,1498
769819,1499
769831,1500
769847,1501
769866,1502
769867,1503
769880,1504
769895,1505
769911,1506
769926,1507
769941,1508
769953,1509
769965,1510
769983,1511
769984,1512
770000,1513
770012,1514
770024,1515
770036,1516
770048,1517
770061,1518
770076,1519
770089,1520
770103,1521
770116,1522
770129,1523
770141,1524
770157,1525
770169,1526
770187,1527
770200,1528
770215,1529
770229,1530
770243,1531
770259,1532
770275,1533
770290,1534
770303,1535
770315,1536
770331,1537
770332,1538
770353,1539
770354,1540
770385,1541
770386,1542
770401,1543
770463,1544
770474,1545
770475,1546
770486,1547
770487,1548
770510,1549
770519,1550
770530,1551
770544,1552
770545,1553
770555,1554
770556,1555
770567,1556
770568,1557
770578,1558
770579,1559
770587,1560
770588,1561
770598,1562
770599,1563
770610,1564
770611,1565
770616,1566
770621,1567
770631,1568
770634,1569
770637,1570
770642,1571
770643,1572
770648,1573
770651,1574
770652,1575
770657,1576
770660,1577
770661,1578
770666,1579
770667,1580
770671,1581
770673,1582
770676,1583
770681,1584
770682,1585
770687,1586
770688,1587
770691,1588
770694,1589
770697,1590
770700,1591
770703,1592
770707,1593
770712,1594
770713,1595
770717,1596
770723,1597
770724,1598
770727,1599
770730,1600
770735,1601
770736,1602
770741,1603
770742,1604
770747,1605
770748,1606
770753,1607
770754,1608
770759,1609
770760,1610
770763,1611
770766,1612
770769,1613
770772,1614
770775,1615
770780,1616
770781,1617
770785,1618
770787,1619
770790,1620
770796,1621
770805,1622
770808,1623
770814,1624
770818,1625
770821,1626
770824,1627
770827,1628
770830,1629
770833,1630
770836,1631
770839,1632
770843,1633
770845,1634
770848,1635
770851,1636
770854,1637
770857,1638
770862,1639
770863,1640
770866,1641
770872,1642
770877,1643
770878,1644
770881,1645
770886,1646
770887,1647
770890,1648
770895,1649
770896,1650
770901,1651
770904,1652
770905,1653
770910,1654
770911,1655
770916,1656
770917,1657
770922,1658
770923,1659
770926,1660
770929,1661
770934,1662
770935,1663
770940,1664
770941,1665
770945,1666
770947,1667
770950,1668
770953,1669
770956,1670
770959,1671
770962,1672
770965,1673
770974,1674
770979,1675
770983,1676
770989,1677
770995,1678
770998,1679
771003,1680
771004,1681
771009,1682
771010,1683
771015,1684
771016,1685
771019,1686
771022,1687
771025,1688
771028,1689
771031,1690
771034,1691
771037,1692
771040,1693
771043,1694
771046,1695
771049,1696
771052,1697
771054,1698
771058,1699
771061,1700
771064,1701
771068,1702
771071,1703
771074,1704
771077,1705
771080,1706
771083,1707
771086,1708
771089,1709
771092,1710
771095,1711
771098,1712
771101,1713
771104,1714
771107,1715
771110,1716
771113,1717
771116,1718
771119,1719
771122,1720
771125,1721
771163,1722
771202,1723
771253,1724
771254,1725
771268,1726
771285,1727
771294,1728
771295,1729
771306,1730
771318,1731
771329,1732
771340,1733
771349,1734
771350,1735
771360,1736
771371,1737
771385,1738
771386,1739
771396,1740
771400,1741
771410,1742
771421,1743
771431,1744
771432,1745
771441,1746
771453,1747
771463,1748
771475,1749
771488,1750
771499,1751
771509,1752
771521,1753
771531,1754
771542,1755
771553,1756
771565,1757
771577,1758
771578,1759
771603,1760
771618,1761
771636,1762
771642,1763
771667,1764
771673,1765
771690,1766
771691,1767
771706,1768
771721,1769
771767,1770
771807,1771
771808,1772
771825,1773
771826,1774
771845,1775
771846,1776
771863,1777
771864,1778
771877,1779
771879,1780
771897,1781
771898,1782
771914,1783
771915,1784
771925,1785
771938,1786
771939,1787
771954,1788
771969,1789
771981,1790
771997,1791
772011,1792
772024,1793
772025,1794
772055,1795
772092,1796
772107,1797
772118,1798
772119,1799
772125,1800
772126,1801
772132,1802
772133,1803
772140,1804
772151,1805
772167,1806
772168,1807
772178,1808
772193,1809
772208,1810
772340,1811
772354,1812
772355,1813
772396,1814
772410,1815
772411,1816
772420,1817
772421,1818
772437,1819
772438,1820
772454,1821
772455,1822
772487,1823
772488,1824
772501,1825
772513,1826
772527,1827
772564,1828
772571,1829
772582,1830
772583,1831
772596,1832
772597,1833
772609,1834
772610,1835
772669,1836
772689,1837
772701,1838
772711,1839
772857,1840
772858,1841
772872,1842
772873,1843
772887,1844
772888,1845
772902,1846
772903,1847
772917,1848
772918,1849
772932,1850
772933,1851
772953,1852
772954,1853
772966,1854
772967,1855
772980,1856
773012,1857
773013,1858
773023,1859
773024,1860
773047,1861
773062,1862
773154,1863
773179,1864
773193,1865
773194,1866
773221,1867
773222,1868
773232,1869
773233,1870
773245,1871
773246,1872
773257,1873
773258,1874
773273,1875
773274,1876
773281,1877
773293,1878
773294,1879
773304,1880
773305,1881
773316,1882
773317,1883
773329,1884
773330,1885
773342,1886
773343,1887
773362,1888
773363,1889
773381,1890
773382,1891
773407,1892
773409,1893
773422,1894
773424,1895
773437,1896
773439,1897
773458,1898
773460,1899
773473,1900
773474,1901
773490,1902
773492,1903
773505,1904
773507,1905
773520,1906
773522,1907
773535,1908
773537,1909
773630,1910
773647,1911
773656,1912
773711,1913
773712,1914
773723,1915
773724,1916
773736,1917
773737,1918
773743,1919
773749,1920
773760,1921
773761,1922
773773,1923
773774,1924
773784,1925
773785,1926
773795,1927
773796,1928
773798,1929
773807,1930
773869,1931
773870,1932
773880,1933
773890,1934
773904,1935
773906,1936
773916,1937
773927,1938
773939,1939
773953,1940
773954,1941
773974,1942
773975,1943
773995,1944
773996,1945
774011,1946
774012,1947
774031,1948
774032,1949
774053,1950
774054,1951
774067,1952
774092,1953
774125,1954
774164,1955
774165,1956
774180,1957
774181,1958
774204,1959
774216,1960
774217,1961
774226,1962
774227,1963
774235,1964
774236,1965
774244,1966
774245,1967
774278,1968
774279,1969
774301,1970
774302,1971
774327,1972
774344,1973
774358,1974
774359,1975
774372,1976
774373,1977
774389,1978
774411,1979
774440,1980
774441,1981
774444,1982
774445,1983
774475,1984
774491,1985
774514,1986
774523,1987
774524,1988
774614,1989
774658,1990
774671,1991
774672,1992
774685,1993
774703,1994
774704,1995
774728,1996
774729,1997
774743,1998
774744,1999
774799,2000
774800,2001
774812,2002
774813,2003
774826,2004
774827,2005
774841,2006
774842,2007
774854,2008
774855,2009
774865,2010
774866,2011
774877,2012
774878,2013
774890,2014
774891,2015
774901,2016
774902,2017
774926,2018
774927,2019
774946,2020
774947,2021
774958,2022
775007,2023
775008,2024
775029,2025
775030,2026
775037,2027
775041,2028
775049,2029
775050,2030
775058,2031
775059,2032
775067,2033
775068,2034
775080,2035
775081,2036
775100,2037
775101,2038
775120,2039
775121,2040
775136,2041
775137,2042
775155,2043
775156,2044
775165,2045
775183,2046
775184,2047
775225,2048
775239,2049
775249,2050
775261,2051
775302,2052
775314,2053
775365,2054
801230,2055
801232,2056
801234,2057
801237,2058
801239,2059
801241,2060
801243,2061
801245,2062
801247,2063
801248,2064
801250,2065
801255,2066
801259,2067
801261,2068
801265,2069
801267,2070
801269,2071
801277,2072
801279,2073
801282,2074
801284,2075
801286,2076
801288,2077
801290,2078
801291,2079
801301,2080
801302,2081
801320,2082
801322,2083
801324,2084
801325,2085
801327,2086
801328,2087
801329,2088
801331,2089
801335,2090
801337,2091
801338,2092
801340,2093
801341,2094
801343,2095
801344,2096
801346,2097
801347,2098
801349,2099
801350,2100
801352,2101
801353,2102
801355,2103
801356,2104
801358,2105
801359,2106
801361,2107
801362,2108
801364,2109
801365,2110
801367,2111
801368,2112
801370,2113
801371,2114
801373,2115
801374,2116
801376,2117
801377,2118
801379,2119
801380,2120
801383,2121
801387,2122
801390,2123
801391,2124
801394,2125
801397,2126
801398,2127
801400,2128
801402,2129
801404,2130
801407,2131
801408,2132
801410,2133
801411,2134
801415,2135
801418,2136
801422,2137
801428,2138
801431,2139
801435,2140
801442,2141
801445,2142
801449,2143
801451,2144
801455,2145
801457,2146
801464,2147
801469,2148
801473,2149
801477,2150
801479,2151
801481,2152
801485,2153
801488,2154
801490,2155
801493,2156
801496,2157
801499,2158
801502,2159
801505,2160
801509,2161
801511,2162
801512,2163
801515,2164
801516,2165
801517,2166
801520,2167
801521,2168
801523,2169
801527,2170
801528,2171
801530,2172
801531,2173
801533,2174
801535,2175
801536,2176
801538,2177
801539,2178
801541,2179
801543,2180
801544,2181
801546,2182
801549,2183
801550,2184
801552,2185
801555,2186
801556,2187
801559,2188
801560,2189
801562,2190
801565,2191
801577,2192
801580,2193
801586,2194
801589,2195
801595,2196
801596,2197
805627,2198
805628,2199
805631,2200
805632,2201
805941,2202
805949,2203
805956,2204
806019,2205
806025,2206
806027,2207
806030,2208
806031,2209
806033,2210
806039,2211
806151,2212
806176,2213
806191,2214
806212,2215
806218,2216
806224,2217
806574,2218
806674,2219
806751,2220
806774,2221
806890,2222
807790,2223
807804,2224
807811,2225
807818,2226
807830,2227
807897,2228
808109,2229
808131,2230
808191,2231
808210,2232
808232,2233
808254,2234
808273,2235
808292,2236
808325,2237
808372,2238
808373,2239
808392,2240
808412,2241
808452,2242
808474,2243
808512,2244
808574,2245
808584,2246
808622,2247
808909,2248
808916,2249
808945,2250
808969,2251
808993,2252
808998,2253
809022,2254
809036,2255
809070,2256
809100,2257
809117,2258
809126,2259
809172,2260
809188,2261
809202,2262
809211,2263
809238,2264
809252,2265
809259,2266
809273,2267
809287,2268
809294,2269
809301,2270
809308,2271
809322,2272
809336,2273
809343,2274
809350,2275
809485,2276
809498,2277
809912,2278
809952,2279
809960,2280
809968,2281
809977,2282
809986,2283
810110,2284
810117,2285
810124,2286
810131,2287
810143,2288
810165,2289
810190,2290
810210,2291
810230,2292
810245,2293
810259,2294
810266,2295
810273,2296
810280,2297
810316,2298
810467,2299
810483,2300
810678,2301
810712,2302
810751,2303
810758,2304
810764,2305
810770,2306
810789,2307
810810,2308
810819,2309
810829,2310
810835,2311
810862,2312
810869,2313
810875,2314
810881,2315
810910,2316
810916,2317
810997,2318
811003,2319
811013,2320
811019,2321
811035,2322
811041,2323
811047,2324
811053,2325
811077,2326
811082,2327
811091,2328
811095,2329
811100,2330
811108,2331
811113,2332
811117,2333
811121,2334
811126,2335
811143,2336
811148,2337
811156,2338
811162,2339
811167,2340
811172,2341
811188,2342
811193,2343
811198,2344
811203,2345
811208,2346
811213,2347
811218,2348
811224,2349
811228,2350
811232,2351
811236,2352
811240,2353
811246,2354
811253,2355
811258,2356
811263,2357
811268,2358
811274,2359
811278,2360
811283,2361
811288,2362
811293,2363
811298,2364
811303,2365
811309,2366
811314,2367
811325,2368
811332,2369
811345,2370
811350,2371
811366,2372
811389,2373
811400,2374
811404,2375
811408,2376
811412,2377
812586,2378
812588,2379
812601,2380
812609,2381
812648,2382
812651,2383
812654,2384
812657,2385
812690,2386
812704,2387
812717,2388
812730,2389
812744,2390
812776,2391
812788,2392
812800,2393
812811,2394
812821,2395
812831,2396
813048,2397
813058,2398
813068,2399
813079,2400
813316,2401
813333,2402
813794,2403
813804,2404
813973,2405
813980,2406
813993,2407
813995,2408
814010,2409
814027,2410
814211,2411
814216,2412
814351,2413
814357,2414
814480,2415
814499,2416
814506,2417
814514,2418
814526,2419
814533,2420
814548,2421
814552,2422
814566,2423
814630,2424
815317,2425
815332,2426
815347,2427
815994,2428
816009,2429
816011,2430
816033,2431
816047,2432
816061,2433
816077,2434
816084,2435
816106,2436
816113,2437
816150,2438
816155,2439
816194,2440
816211,2441
816218,2442
816219,2443
816241,2444
816253,2445
816255,2446
816268,2447
816269,2448
816285,2449
816286,2450
816299,2451
816301,2452
816313,2453
816328,2454
816364,2455
816382,2456
816383,2457
816400,2458
816401,2459
816418,2460
816419,2461
816432,2462
816446,2463
816450,2464
816464,2465
816480,2466
816481,2467
816494,2468
816495,2469
816509,2470
816510,2471
816966,2472
816967,2473
816994,2474
817007,2475
817009,2476
817018,2477
817019,2478
817029,2479
817030,2480
817039,2481
817040,2482
817081,2483
817087,2484
817097,2485
817098,2486
817117,2487
817118,2488
817124,2489
817125,2490
817133,2491
817134,2492
817143,2493
817144,2494
817152,2495
817153,2496
817172,2497
817173,2498
817180,2499
817181,2500
817198,2501
817213,2502
817370,2503
817371,2504
817372,2505
817373,2506
817374,2507
817375,2508
817376,2509
817377,2510
817381,2511
817382,2512
817383,2513
817384,2514
817385,2515
817386,2516
817387,2517
817388,2518
817389,2519
817390,2520
817391,2521
817392,2522
817393,2523
817394,2524
817395,2525
817398,2526
817399,2527
817400,2528
817401,2529
817402,2530
817403,2531
817404,2532
817405,2533
817544,2534
817546,2535
817553,2536
817737,2537
817738,2538
817739,2539
817740,2540
817741,2541
817742,2542
817743,2543
817744,2544
817745,2545
817746,2546
817747,2547
817748,2548
817749,2549
817750,2550
817751,2551
817752,2552
817753,2553
817754,2554
817755,2555
817756,2556
817757,2557
817758,2558
817759,2559
817760,2560
817761,2561
817762,2562
817763,2563
817764,2564
817765,2565
817766,2566
817767,2567
817768,2568
817769,2569
817770,2570
817771,2571
817772,2572
817773,2573
817774,2574
817775,2575
817778,2576
817779,2577
817780,2578
817781,2579
817782,2580
817783,2581
817784,2582
817785,2583
817786,2584
817787,2585
817788,2586
817789,2587
817790,2588
817791,2589
817792,2590
817793,2591
817794,2592
817795,2593
817796,2594
817797,2595
817798,2596
817799,2597
817802,2598
817803,2599
817806,2600
817807,2601
817810,2602
817811,2603
817812,2604
817813,2605
817815,2606
817819,2607
817820,2608
817821,2609
817822,2610
817823,2611
817824,2612
817825,2613
818157,2614
818158,2615
818159,2616
818160,2617
818161,2618
818162,2619
818163,2620
818165,2621
818176,2622
818177,2623
818178,2624
818179,2625
818190,2626
818191,2627
818194,2628
818195,2629
818196,2630
818197,2631
818200,2632
818201,2633
818202,2634
818203,2635
818204,2636
818205,2637
818206,2638
818207,2639
818208,2640
818209,2641
818210,2642
818211,2643
818212,2644
818213,2645
818214,2646
818215,2647
818216,2648
818217,2649
818218,2650
818219,2651
818220,2652
818221,2653
818222,2654
818223,2655
818224,2656
818225,2657
818226,2658
818227,2659
818228,2660
818229,2661
818230,2662
818231,2663
818232,2664
818233,2665
818234,2666
818235,2667
818236,2668
818237,2669
818238,2670
818239,2671
818240,2672
818241,2673
818553,2674
818554,2675
818573,2676
818574,2677
818575,2678
818576,2679
818577,2680
818578,2681
818579,2682
818580,2683
818581,2684
818582,2685
818583,2686
818584,2687
818585,2688
818586,2689
818587,2690
818588,2691
818589,2692
818590,2693
818591,2694
818592,2695
818593,2696
818594,2697
818595,2698
818596,2699
818597,2700
818598,2701
818599,2702
818600,2703
818601,2704
818602,2705
818606,2706
818607,2707
818608,2708
818609,2709
818610,2710
818611,2711
818612,2712
818613,2713
818614,2714
818615,2715
818616,2716
818617,2717
818618,2718
818619,2719
818620,2720
818621,2721
818622,2722
818623,2723
818624,2724
818625,2725
818721,2726
818723,2727
818929,2728
819038,2729
819045,2730
819046,2731
819047,2732
819048,2733
819049,2734
819050,2735
819051,2736
819052,2737
819053,2738
819054,2739
819055,2740
819056,2741
819057,2742
819058,2743
819059,2744
819060,2745
819061,2746
819062,2747
819063,2748
819081,2749
819086,2750
819114,2751
819119,2752
819123,2753
819129,2754
819142,2755
819153,2756
819178,2757
819179,2758
819180,2759
819181,2760
819182,2761
819183,2762
819184,2763
819185,2764
819186,2765
819187,2766
819188,2767
819189,2768
819190,2769
819191,2770
819192,2771
819193,2772
819196,2773
819200,2774
819201,2775
819202,2776
819203,2777
819204,2778
819205,2779
819206,2780
819207,2781
819253,2782
819261,2783
819265,2784
819269,2785
819276,2786
819284,2787
819294,2788
819303,2789
819311,2790
819317,2791
819321,2792
819324,2793
819330,2794
819337,2795
819341,2796
819349,2797
819363,2798
819368,2799
819448,2800
819454,2801
819460,2802
819472,2803
819478,2804
819484,2805
819491,2806
819498,2807
819504,2808
819514,2809
819515,2810
819520,2811
819526,2812
819532,2813
819538,2814
819545,2815
819552,2816
819568,2817
819569,2818
819575,2819
819599,2820
819605,2821
819613,2822
819621,2823
819634,2824
819654,2825
819684,2826
819685,2827
819695,2828
819696,2829
819702,2830
819703,2831
819709,2832
819710,2833
819716,2834
819717,2835
819723,2836
819728,2837
819780,2838
819852,2839
819857,2840
819878,2841
819893,2842
819903,2843
819957,2844
819964,2845
819973,2846
820001,2847
820071,2848
820164,2849
820202,2850
820356,2851
820364,2852
820549,2853
820559,2854
820634,2855
820672,2856
820701,2857
820706,2858
820712,2859
820713,2860
820719,2861
820720,2862
820726,2863
820727,2864
820736,2865
820738,2866
820770,2867
820771,2868
820782,2869
820783,2870
820786,2871
820787,2872
820846,2873
820851,2874
820853,2875
820854,2876
820884,2877
820885,2878
820893,2879
820894,2880
821027,2881
821080,2882
821196,2883
821197,2884
821207,2885
821208,2886
821275,2887
821276,2888
821286,2889
821287,2890
821297,2891
821298,2892
821308,2893
821309,2894
821319,2895
821320,2896
821333,2897
821334,2898
821344,2899
821345,2900
821355,2901
821356,2902
821495,2903
821496,2904
821506,2905
821507,2906
821519,2907
821520,2908
821532,2909
821533,2910
821546,2911
821547,2912
821559,2913
821560,2914
821572,2915
821573,2916
821585,2917
821586,2918
821610,2919
821611,2920
821617,2921
821618,2922
821624,2923
821625,2924
821631,2925
821632,2926
821645,2927
821646,2928
821652,2929
821653,2930
821659,2931
821660,2932
821666,2933
821667,2934
821696,2935
821697,2936
821709,2937
821710,2938
821720,2939
821721,2940
821735,2941
821736,2942
821743,2943
821750,2944
821760,2945
821761,2946
821771,2947
821772,2948
821780,2949
821781,2950
821789,2951
821790,2952
821798,2953
821799,2954
821807,2955
821808,2956
822175,2957
822176,2958
822228,2959
822234,2960
822356,2961
822370,2962
822391,2963
822400,2964
822409,2965
822504,2966
822589,2967
822607,2968
822608,2969
822618,2970
822619,2971
823031,2972
823038,2973
823132,2974
823180,2975
823190,2976
823191,2977
823210,2978
823211,2979
823242,2980
823245,2981
823286,2982
823289,2983
823308,2984
823309,2985
823327,2986
823328,2987
823337,2988
823338,2989
823346,2990
823347,2991
823400,2992
823401,2993
823418,2994
823421,2995
823571,2996
823588,2997
823636,2998
823649,2999
823663,3000
823677,3001
823695,3002
823715,3003
823720,3004
823751,3005
823778,3006
823792,3007
823810,3008
823813,3009
823831,3010
823834,3011
823858,3012
823865,3013
823866,3014
823914,3015
823978,3016
824021,3017
824024,3018
824042,3019
824044,3020
824056,3021
824069,3022
824105,3023
824108,3024
824122,3025
824125,3026
824164,3027
824166,3028
824180,3029
824183,3030
824203,3031
824205,3032
824226,3033
824232,3034
824264,3035
824267,3036
824281,3037
824303,3038
824306,3039
824334,3040
824343,3041
824372,3042
824428,3043
824449,3044
824451,3045
824530,3046
824677,3047
824679,3048
824695,3049
824697,3050
824715,3051
824717,3052
824734,3053
824752,3054
824754,3055
824796,3056
824797,3057
824809,3058
824810,3059
824822,3060
824823,3061
824835,3062
824836,3063
824848,3064
824849,3065
824861,3066
824862,3067
824917,3068
824978,3069
825018,3070
825036,3071
825053,3072
825090,3073
825096,3074
825104,3075
825109,3076
825115,3077
825121,3078
825150,3079
825154,3080
825180,3081
825334,3082
825337,3083
825359,3084
825360,3085
825432,3086
825452,3087
825455,3088
825472,3089
825474,3090
825494,3091
825496,3092
825513,3093
825515,3094
1201054,3095
1201066,3096
1201076,3097
1201087,3098
1201100,3099
1201112,3100
1201118,3101
1201125,3102
1201145,3103
1201159,3104
1201171,3105
1201185,3106
1201197,3107
1201211,3108
1201217,3109
1201222,3110
1201240,3111
1201254,3112
1201270,3113
1201283,3114
1201292,3115
1201298,3116
1201315,3117
1201333,3118
1201350,3119
1201365,3120
1201382,3121
1201399,3122
1201406,3123
1201410,3124
1201419,3125
1201430,3126
1201453,3127
1201469,3128
1201481,3129
1201497,3130
1201510,3131
1201525,3132
1201541,3133
1201558,3134
1201589,3135
1201606,3136
1201620,3137
1201637,3138
1201653,3139
1201671,3140
1201687,3141
1201705,3142
1201719,3143
1201735,3144
1201751,3145
1201767,3146
1201787,3147
1201805,3148
1201823,3149
1201839,3150
1201853,3151
1201867,3152
1201883,3153
1201899,3154
1201911,3155
1201923,3156
1201941,3157
1201959,3158
1201969,3159
1201977,3160
1201985,3161
1201987,3162
1201998,3163
1202011,3164
1202024,3165
1202040,3166
1202053,3167
1202067,3168
1202078,3169
1202093,3170
1202105,3171
1202118,3172
1202132,3173
1202146,3174
1202160,3175
1202172,3176
1202186,3177
1202201,3178
1202215,3179
1202230,3180
1202248,3181
1202263,3182
1202278,3183
1202290,3184
1202308,3185
1202322,3186
1202337,3187
1202353,3188
1202365,3189
1202373,3190
1202380,3191
1202394,3192
1202408,3193
1202422,3194
1202436,3195
1202451,3196
1202464,3197
1202475,3198
1202522,3199
1202527,3200
1202537,3201
1202549,3202
1202564,3203
1202574,3204
1202590,3205
1202595,3206
1202599,3207
1202610,3208
1202614,3209
1202627,3210
1202631,3211
1202648,3212
1202663,3213
1202676,3214
1202691,3215
1202701,3216
1202705,3217
1202720,3218
1202724,3219
1202738,3220
1202742,3221
1202753,3222
1202766,3223
1202779,3224
1202785,3225
1202789,3226
1202803,3227
1202814,3228
1202827,3229
1202840,3230
1202844,3231
1202855,3232
1202859,3233
1202872,3234
1202885,3235
1202901,3236
1202912,3237
1202917,3238
1202921,3239
1202929,3240
1202938,3241
1202949,3242
1202960,3243
1202964,3244
1202977,3245
1202981,3246
1202993,3247
1203016,3248
1203021,3249
1203035,3250
1203040,3251
1203050,3252
1203057,3253
1203071,3254
1203076,3255
1203082,3256
1203084,3257
1203090,3258
1203095,3259
1203110,3260
1203124,3261
1203136,3262
1203148,3263
1203172,3264
1203184,3265
1203188,3266
1203206,3267
1203221,3268
1203239,3269
1203254,3270
1203266,3271
1203271,3272
1203284,3273
1203288,3274
1203303,3275
1203317,3276
1203331,3277
1203342,3278
1203361,3279
1203387,3280
1203400,3281
1203428,3282
1203440,3283
1203468,3284
1203481,3285
1203495,3286
1203506,3287
1203513,3288
1203524,3289
1203536,3290
1203549,3291
1203561,3292
1203573,3293
1203589,3294
1203604,3295
1203615,3296
1203631,3297
1203642,3298
1203649,3299
1203654,3300
1203665,3301
1203679,3302
1203793,3303
1203799,3304
1203813,3305
1203825,3306
1203831,3307
1203845,3308
1203850,3309
1203861,3310
1203866,3311
1203871,3312
1203886,3313
1203896,3314
1203909,3315
1203922,3316
1203927,3317
1203931,3318
1203944,3319
1203957,3320
1203972,3321
1203984,3322
1203998,3323
1204010,3324
1204023,3325
1204038,3326
1204052,3327
1204064,3328
1204076,3329
1204091,3330
1204105,3331
1204117,3332
1204142,3333
1204153,3334
1204159,3335
1204168,3336
1204181,3337
1204193,3338
1204198,3339
1204211,3340
1204216,3341
1204230,3342
1204244,3343
1204255,3344
1204268,3345
1204273,3346
1204279,3347
1204290,3348
1204295,3349
1204301,3350
1204306,3351
1204316,3352
1204328,3353
1204340,3354
1204345,3355
1204372,3356
1204384,3357
1204390,3358
1204395,3359
1204409,3360
1204428,3361
1204436,3362
1204442,3363
1204447,3364
1204453,3365
1204458,3366
1204472,3367
1204478,3368
1204486,3369
1204501,3370
1204507,3371
1204515,3372
1204521,3373
1204532,3374
1204538,3375
1204546,3376
1204552,3377
1204559,3378
1204565,3379
1204571,3380
1204577,3381
1204586,3382
1204607,3383
1204615,3384
1204621,3385
1204632,3386
1204638,3387
1204643,3388
1204650,3389
1204665,3390
1204672,3391
1204682,3392
1204688,3393
1204695,3394
1204697,3395
1204699,3396
1204701,3397
1204703,3398
1204716,3399
1204731,3400
1204737,3401
1204750,3402
1204761,3403
1204766,3404
1204781,3405
1204787,3406
1204798,3407
1204808,3408
1204816,3409
1204825,3410
1204841,3411
1204861,3412
1204869,3413
1204904,3414
1204924,3415
1204937,3416
1204944,3417
1204950,3418
1204967,3419
1204982,3420
1204997,3421
1205012,3422
1205028,3423
1205045,3424
1205062,3425
1205071,3426
1205088,3427
1205105,3428
1205122,3429
1205135,3430
1205139,3431
1205152,3432
1205157,3433
1205165,3434
1205166,3435
1205168,3436
1205169,3437
1205175,3438
1205182,3439
1205189,3440
1205193,3441
1205200,3442
1205204,3443
1205211,3444
1205215,3445
1205225,3446
1205230,3447
1205246,3448
1205250,3449
1205262,3450
1205269,3451
1205276,3452
1205286,3453
1205290,3454
1205295,3455
1205297,3456
1205303,3457
1205310,3458
1205320,3459
1205324,3460
1205330,3461
1205335,3462
1205341,3463
1205349,3464
1205364,3465
1205375,3466
1205380,3467
1205384,3468
1205395,3469
1205409,3470
1205421,3471
1205432,3472
1205440,3473
1205452,3474
1205463,3475
1205473,3476
1205478,3477
1205493,3478
1205508,3479
1205517,3480
1205528,3481
1205532,3482
1205541,3483
1205553,3484
1205562,3485
1205567,3486
1205572,3487
1205583,3488
1205590,3489
1205607,3490
1205612,3491
1205623,3492
1205627,3493
1205632,3494
1205636,3495
1205658,3496
1205668,3497
1205680,3498
1208108,3499
1208110,3500
1208121,3501
1208134,3502
1208147,3503
1208151,3504
1208161,3505
1208176,3506
1208180,3507
1208190,3508
1208199,3509
1208208,3510
1208226,3511
1208230,3512
1208240,3513
1208260,3514
1208701,3515
1208703,3516
1208758,3517
1208760,3518
1208789,3519
1208809,3520
1208886,3521
1208941,3522
1208942,3523
1208943,3524
1208944,3525
1208945,3526
1208976,3527
1209020,3528
1209059,3529
1209070,3530
1209076,3531
1209091,3532
1209092,3533
1209161,3534
1209162,3535
1209176,3536
1209178,3537
1209189,3538
1209204,3539
1209217,3540
1209241,3541
1209243,3542
1209259,3543
1209261,3544
1209274,3545
1209276,3546
1209289,3547
1209291,3548
1209304,3549
1209306,3550
1209319,3551
1209321,3552
1209334,3553
1209336,3554
1209353,3555
1209355,3556
1209372,3557
1209374,3558
1209407,3559
1209424,3560
1209438,3561
1209452,3562
1209454,3563
1209493,3564
1209531,3565
1209542,3566
1209548,3567
1209558,3568
1209567,3569
1209568,3570
1209577,3571
1209578,3572
1209585,3573
1209586,3574
1209594,3575
1209598,3576
1209606,3577
1209614,3578
1209615,3579
1209621,3580
1209622,3581
1209632,3582
1209634,3583
1209644,3584
1209646,3585
1209652,3586
1209660,3587
1209669,3588
1209674,3589
1209684,3590
1209685,3591
1209830,3592
1209831,3593
1209860,3594
1209873,3595
1209888,3596
1209929,3597
1209957,3598
1210015,3599
1210141,3600
1210172,3601
1210173,3602
1210189,3603
1210190,3604
1210205,3605
1210220,3606
1210440,3607
1210441,3608
1210446,3609
1210447,3610
1210455,3611
1210456,3612
1210465,3613
1210466,3614
1210474,3615
1210475,3616
1210476,3617
1210477,3618
1210478,3619
1210479,3620
1210487,3621
1210488,3622
1210489,3623
1210491,3624
1210494,3625
1210504,3626
1210505,3627
1210523,3628
1210524,3629
1210525,3630
1210527,3631
1210536,3632
1210542,3633
1210543,3634
1210551,3635
1210552,3636
1210560,3637
1210561,3638
1210570,3639
1210571,3640
1210572,3641
1210573,3642
1210574,3643
1210582,3644
1210583,3645
1210589,3646
1210590,3647
1210597,3648
1210598,3649
1210599,3650
1210600,3651
1210601,3652
1210602,3653
1210609,3654
1210610,3655
1210618,3656
1210619,3657
1210628,3658
1210629,3659
1210637,3660
1210638,3661
1210647,3662
1210648,3663
1210659,3664
1210660,3665
1210661,3666
1210669,3667
1210678,3668
1210679,3669
1210687,3670
1210688,3671
1210696,3672
1210697,3673
1210705,3674
1210706,3675
1210715,3676
1210716,3677
1210728,3678
1210729,3679
1210736,3680
1210737,3681
1210744,3682
1210745,3683
1210749,3684
1210841,3685
1210856,3686
1210872,3687
1210882,3688
1210895,3689
1210908,3690
1210909,3691
1210926,3692
1210972,3693
1210974,3694
1210991,3695
1210993,3696
1211066,3697
1211075,3698
1211107,3699
1211204,3700
1211206,3701
1211218,3702
1211221,3703
1211229,3704
1211236,3705
1211247,3706
1211248,3707
1211264,3708
1211266,3709
1211276,3710
1211278,3711
1211285,3712
1211286,3713
1211296,3714
1211298,3715
1211309,3716
1211310,3717
1211317,3718
1211318,3719
1211325,3720
1211326,3721
1211334,3722
1211335,3723
1211343,3724
1211344,3725
1211352,3726
1211353,3727
1211360,3728
1211361,3729
1211368,3730
1211369,3731
1211378,3732
1211379,3733
1211387,3734
1211388,3735
1211395,3736
1211396,3737
1211410,3738
1211424,3739
1211425,3740
1211433,3741
1211434,3742
1211444,3743
1211445,3744
1211451,3745
1211455,3746
1211461,3747
1211465,3748
1211471,3749
1211475,3750
1211490,3751
1211491,3752
1211499,3753
1211501,3754
1211509,3755
1211510,3756
1211515,3757
1211522,3758
1211528,3759
1211531,3760
1211535,3761
1211539,3762
1211550,3763
1211560,3764
1211562,3765
1211574,3766
1211575,3767
1211585,3768
1211586,3769
1211624,3770
1211625,3771
1211626,3772
1211627,3773
1211628,3774
1211629,3775
1211634,3776
1211641,3777
1211653,3778
1211654,3779
1211663,3780
1211665,3781
1211682,3782
1211692,3783
1211693,3784
1211706,3785
1211708,3786
1211716,3787
1211717,3788
1211724,3789
1211725,3790
1211731,3791
1211732,3792
1211740,3793
1211741,3794
1211750,3795
1211752,3796
1211760,3797
1211761,3798
1211770,3799
1211772,3800
1211784,3801
1211787,3802
1211816,3803
1211829,3804
1211853,3805
1211870,3806
1211907,3807
1211954,3808
1212001,3809
1212094,3810
1212115,3811
1212116,3812
1212144,3813
1212170,3814
1212192,3815
1212196,3816
1212216,3817
1212218,3818
1212281,3819
1212282,3820
1212292,3821
1212302,3822
1212303,3823
1212310,3824
1212311,3825
1212319,3826
1212320,3827
1212333,3828
1212336,3829
1212345,3830
1212346,3831
1212347,3832
1212348,3833
1212359,3834
1212362,3835
1212372,3836
1212374,3837
1212382,3838
1212383,3839
1212390,3840
1212391,3841
1212398,3842
1212405,3843
1212406,3844
1212407,3845
1212414,3846
1212415,3847
1212423,3848
1212424,3849
1212431,3850
1212432,3851
1212441,3852
1212443,3853
1212454,3854
1212455,3855
1212463,3856
1212464,3857
1212472,3858
1212473,3859
1212479,3860
1212480,3861
1212484,3862
1212489,3863
1212495,3864
1212496,3865
1212588,3866
1212611,3867
1212645,3868
1212649,3869
1212662,3870
1212840,3871
1212842,3872
1212863,3873
1212865,3874
1212882,3875
1212901,3876
1212903,3877
1212916,3878
1212935,3879
1212938,3880
1212955,3881
1212957,3882
1213036,3883
1213041,3884
1213087,3885
1213088,3886
1213105,3887
1213106,3888
1213121,3889
1213122,3890
1213133,3891
1213215,3892
1213229,3893
1213274,3894
1213398,3895
1213527,3896
1213528,3897
1213570,3898
1213571,3899
1213618,3900
1213624,3901
1213650,3902
1213652,3903
1213654,3904
1213672,3905
1213673,3906
1213680,3907
1213686,3908
1213699,3909
1213700,3910
1213721,3911
1213741,3912
1213742,3913
1213891,3914
1213892,3915
1213963,3916
1213968,3917
1213985,3918
1213986,3919
1214005,3920
1214006,3921
1214062,3922
1214063,3923
1214080,3924
1214081,3925
1214117,3926
1214118,3927
1214209,3928
1214212,3929
1214215,3930
1214238,3931
1214239,3932
1214253,3933
1214321,3934
1214322,3935
1214373,3936
1214461,3937
1214715,3938
1214805,3939
1214806,3940
1214853,3941
1214854,3942
1214869,3943
1214871,3944
1214881,3945
1214882,3946
1214894,3947
1214938,3948
1214939,3949
1214954,3950
1214955,3951
1214972,3952
1214987,3953
1214988,3954
1215002,3955
1215003,3956
1215017,3957
1215018,3958
1215026,3959
1215043,3960
1215044,3961
1215091,3962
1215092,3963
1215236,3964
1215248,3965
1215250,3966
1215252,3967
1215775,3968
1215809,3969
1215811,3970
1215822,3971
1215823,3972
1215841,3973
1215842,3974
1215848,3975
1215849,3976
1215855,3977
1215856,3978
1215862,3979
1215863,3980
1215869,3981
1215870,3982
1215876,3983
1215877,3984
1215963,3985
1215965,3986
1215986,3987
1215987,3988
1216001,3989
1216002,3990
1216006,3991
1216010,3992
1216018,3993
1216019,3994
1216024,3995
1216032,3996
1216033,3997
1216039,3998
1216040,3999
1216048,4000
1216049,4001
1216058,4002
1216059,4003
1216067,4004
1216068,4005
1216070,4006
1216077,4007
1216081,4008
1216086,4009
1216094,4010
1216095,4011
1216104,4012
1216105,4013
1216111,4014
1216112,4015
1216118,4016
1216119,4017
1216128,4018
1216129,4019
1216136,4020
1216137,4021
1216144,4022
1216145,4023
1216152,4024
1216153,4025
1216161,4026
1216162,4027
1216170,4028
1216171,4029
1216178,4030
1216179,4031
1216187,4032
1216188,4033
1216194,4034
1216195,4035
1216201,4036
1216202,4037
1216210,4038
1216211,4039
1216219,4040
1216220,4041
1216229,4042
1216230,4043
1216318,4044
1216505,4045
1216506,4046
1216530,4047
1216538,4048
1216589,4049
1217669,4050
1218142,4051
1218170,4052
1218332,4053
1218588,4054
1218630,4055
1218662,4056
1218677,4057
1218684,4058
1218691,4059
1218698,4060
1218847,4061
1218848,4062
1218852,4063
1218853,4064
1218857,4065
1218858,4066
1218862,4067
1218863,4068
1218990,4069
1219072,4070
1219075,4071
1219078,4072
1219081,4073
1219087,4074
1219089,4075
1219091,4076
1219095,4077
1219097,4078
1219099,4079
1219104,4080
1219105,4081
1219132,4082
1219133,4083
1219137,4084
1219138,4085
1219192,4086
1219212,4087
1219213,4088
1219268,4089
1219269,4090
1219273,4091
1219274,4092
1219278,4093
1219279,4094
1219388,4095
1219403,4096
1219412,4097
1219436,4098
1219461,4099
1219462,4100
1219516,4101
1219551,4102
1219560,4103
1219581,4104
1219710,4105
